"Status","Start Time","Stop Time","Duration in ms","Parent Suite","Suite","Sub Suite","Test Class","Test Method","Name","Description"
"passed","Sun Jul 25 21:54:19 CST 2021","Sun Jul 25 21:54:19 CST 2021","1","","test_calculator_fixture","TestCalc","","","[0, 1, -1]_减法成功",""
"passed","Sun Jul 25 21:54:19 CST 2021","Sun Jul 25 21:54:19 CST 2021","2","","test_calculator_fixture","TestCalc","","","[2, 1, 1]_减法成功",""
"passed","Sun Jul 25 21:54:19 CST 2021","Sun Jul 25 21:54:19 CST 2021","2","","test_calculator_fixture","TestCalc","","","[100000, 200000, 300000]_加法成功",""
"passed","Sun Jul 25 21:54:19 CST 2021","Sun Jul 25 21:54:19 CST 2021","3","","test_calculator_fixture","TestCalc","","","[2, 0, 0]_除法成功",""
"passed","Sun Jul 25 21:54:19 CST 2021","Sun Jul 25 21:54:19 CST 2021","2","","test_calculator_fixture","TestCalc","","","[0.1, 2e-10, 0.1000000002]_加法成功",""
"passed","Sun Jul 25 21:54:19 CST 2021","Sun Jul 25 21:54:19 CST 2021","1","","test_calculator_fixture","TestCalc","","","[300000, 100000, 3]_除法成功",""
"passed","Sun Jul 25 21:54:19 CST 2021","Sun Jul 25 21:54:19 CST 2021","2","","test_calculator_fixture","TestCalc","","","[-1, -2, -3]_加法成功",""
"passed","Sun Jul 25 21:54:19 CST 2021","Sun Jul 25 21:54:19 CST 2021","1","","test_calculator_fixture","TestCalc","","","[20000, 10000, 10000]_减法成功",""
"passed","Sun Jul 25 21:54:19 CST 2021","Sun Jul 25 21:54:19 CST 2021","2","","test_calculator_fixture","TestCalc","","","[0.1, 0.2, 0.5]_除法成功",""
"passed","Sun Jul 25 21:54:19 CST 2021","Sun Jul 25 21:54:19 CST 2021","1","","test_calculator_fixture","TestCalc","","","[-2, -1, -1]_减法成功",""
"passed","Sun Jul 25 21:54:19 CST 2021","Sun Jul 25 21:54:19 CST 2021","2","","test_calculator_fixture","TestCalc","","","[-1, -2, 2]_乘法成功",""
"passed","Sun Jul 25 21:54:19 CST 2021","Sun Jul 25 21:54:19 CST 2021","2","","test_calculator_fixture","TestCalc","","","[0.1, 0.2, 0.02]_乘法成功",""
"passed","Sun Jul 25 21:54:19 CST 2021","Sun Jul 25 21:54:19 CST 2021","2","","test_calculator_fixture","TestCalc","","","[1, 2, 3]_加法成功",""
"passed","Sun Jul 25 21:54:19 CST 2021","Sun Jul 25 21:54:19 CST 2021","2","","test_calculator_fixture","TestCalc","","","[1, 2, 2]_乘法成功",""
"passed","Sun Jul 25 21:54:19 CST 2021","Sun Jul 25 21:54:19 CST 2021","2","","test_calculator_fixture","TestCalc","","","[0.2, 0.1, 0.1]_减法成功",""
"passed","Sun Jul 25 21:54:19 CST 2021","Sun Jul 25 21:54:19 CST 2021","4","","test_calculator_fixture","TestCalc","","","[100000, 300000, 30000000000]_乘法成功",""
"passed","Sun Jul 25 21:54:19 CST 2021","Sun Jul 25 21:54:19 CST 2021","1","","test_calculator_fixture","TestCalc","","","[0, 2, 0]_乘法成功",""
"passed","Sun Jul 25 21:54:19 CST 2021","Sun Jul 25 21:54:19 CST 2021","3","","test_calculator_fixture","TestCalc","","","[2, 1, 2]_除法成功",""
"passed","Sun Jul 25 21:54:19 CST 2021","Sun Jul 25 21:54:19 CST 2021","3","","test_calculator_fixture","TestCalc","","","[-2, -2, 1]_除法成功",""
"passed","Sun Jul 25 21:54:19 CST 2021","Sun Jul 25 21:54:19 CST 2021","4","","test_calculator_fixture","TestCalc","","","[0, 1, 1]_加法成功",""
